Cod_articulo,Descripcion,Desc_adicional,Codigo_de_Barras
0101194340,L20339 TS NEGRO,CONJUNTO,2018203391581
0101194350,L20339 TM NEGRO,CONJUNTO,2018203391582
0101194360,L20339 TL NEGRO,CONJUNTO,2018203391583
0101194370,L20339 TXL NEGRO,CONJUNTO,2018203391584
0601000950,L20806 TM CAMISON NUBES,CAMISON,20182080682
0601000960,L20806 TS CAMISON NUBES,CAMISON,20182080681
0601000970,L20806 TXL CAMISON NUBES,CAMISON,20182080684
0601000980,L20815 TL CAMISON NEV FLUO,CAMISON,2018208152483
0601000990,L20815 TM CAMISON NEV FLUO,CAMISON,201820815782
0601001000,L20815 TS CAMISON NEV FLUO,CAMISON,2018208152481
0601001010,L20815 TXL CAMISON NEV FLUO,CAMISON,201820815784
0601001020,L20806 TL CAMISON NUBES,CAMISON,20182080683
0601001030,L20839 T5 PIJAMA LUNARES,CAMISON,20182083905
0601001040,L20839 T6 PIJAMA LUNARES,CAMISON,20182083906
0601001050,L20839 TL PIJAMA LUNARES,CAMISON,20182083983
0601001060,L20839 TM PIJAMA LUNARES,CAMISON,20182083982
0601001070,L20839 TS PIJAMA LUNARES,CAMISON,20182083981
0601001080,L20839 TXL PIJAMA LUNARES,CAMISON,20182083984
0601001090,L20815/E T5 FUCSIA FLUO,CAMISON,201820815705
0601001100,L20815/E T5 NEV FLUO,CAMISON,2018208152405
0601001110,L20815/E T6 FUCSIA FLUO,CAMISON,201820815706
0601001120,L20815/E T6 NEV FLUO,CAMISON,2018208152406
0601001130,L20834 TL NEGRO,CAMISON,20182083483
0601001140,L20834 TL ROSA,CAMISON,201820834183
0601001150,L20834 TM NEGRO,CAMISON,20182083482
0601001160,L20834 TM ROSA,CAMISON,201820834182
0601001170,L20834 TS NEGRO,CAMISON,20182083481
0601001180,L20834 TS ROSA,CAMISON,201820834281
0601001190,L20834 TXL NEGRO,CAMISON,20182083484
0601001200,L20834 TXL ROSA,CAMISON,201820834184
0601001210,L20834/E T5 CELESTE,CAMISON,201820834205
0601001220,L20834/E T6 CELESTE,CAMISON,201820834206
0601001230,L20834/E T6 ROSA,CAMISON,201820834106
0601001240,L20842 TL VARIOS,CAMISON,2018208421883
0601001250,L20842 TM VARIOS,CAMISON,2018208421882
0601001260,L20842 TS VARIOS,CAMISON,2018208421881
0601001270,L20842 TXL VARIOS,CAMISON,2018208421884
0601001280,L20842/E T5 VARIOS,CAMISON,201820842105
0601001290,L20842/E T6 VARIOS,CAMISON,201820842106
0601001380,L20806/E T5 NUBES,CAMISON,20182080605
0601001390,L20806/E T6 NUBES,CAMISON,20182080606
0601001400,L20814 TL CEBRA,CAMISON,20182081483
0601001410,L20814 TM CEBRA,CAMISON,20182081482
0601001420,L20814 TS CEBRA,CAMISON,20182081481
0601001430,L20814 TXL CEBRA,CAMISON,20182081484
0601001440,L20815 TL FLUO,CAMISON,20182081583
0601001450,L20815 TM FLUO,CAMISON,20182081582
0601001460,L20815 TS FLUO,CAMISON,20182081581
0601001470,L20815 TXL FLUO,CAMISON,20182081584
0601001480,L20815/E T5 FLUO,CAMISON,20182081505
0601001490,L20815/E T6 FLUO,CAMISON,20182081506
0601001500,L20820 TL MATERNAL,CAMISON,20182082083
0601001510,L20820 TM MATERNAL,CAMISON,20182082082
0601001520,L20820 TS MATERNAL,CAMISON,20182082081
0601001530,L20820 TXL MATERNAL,CAMISON,20182082084
0601001540,L20820/E T5 MATERNAL,CAMISON,20182082005
0601001550,L20820/E T6 MATERNAL,CAMISON,20182082006
0601001560,L20821 TL GRIS,CAMISON,2018208211383
0601001570,L20821 TL ROSA,CAMISON,201820821183
0601001580,L20821 TM GRIS,CAMISON,2018208211382
0601001590,L20821 TM ROSA,CAMISON,201820821182
0601001600,L20821 TS GRIS,CAMISON,2018208211381
0601001610,L20821 TS ROSA,CAMISON,201820821181
0601001620,L20821 TXL GRIS,CAMISON,2018208211384
0601001630,L20821 TXL ROSA,CAMISON,201820821184
0601001640,L20822 TL ESTRELLIT,CAMISON,20182082283
0601001650,L20822 TM ESTRELLIT,CAMISON,20182082282
0601001660,L20822 TS ESTRELLIT,CAMISON,20182082281
0601001670,L20822 TXL ESTRELLIT,CAMISON,20182082284
0601001680,L20822/E T5 ESTRELLIT,CAMISON,20182082205
0601001690,L20822/E T6 ESTRELLIT,CAMISON,20182082206
0601001700,L20823 TL CORAL,CAMISON,2018208235083
0601001710,L20823 TL VERDE,CAMISON,2018208232483
0601001720,L20823 TM CORAL,CAMISON,2018208235082
0601001730,L20823 TM VERDE,CAMISON,2018208232482
0601001740,L20823 TS CORAL,CAMISON,2018208235081
0601001750,L20823 TS VERDE,CAMISON,2018208232481
0601001760,L20823 TXL CORAL,CAMISON,2018208235084
0601001770,L20823 TXL VERDE,CAMISON,2018208232484
0601001780,L20833 TL TROPICAL,CAMISON,20182083383
0601001790,L20833 TM TROPICAL,CAMISON,20182083382
0601001800,L20833 TS TROPICAL,CAMISON,20182083381
0601001810,L20833 TXL TROPICAL,CAMISON,20182083384
0601001820,L20834 TL CELESTE,CAMISON,201820834283
0601001840,L20834 TM CELESTE,CAMISON,201820834282
0601001870,L20834 TS ROSA,CAMISON,201820834181
0601001880,L20834 TXL CELESTE,CAMISON,201820834284
0601001940,L20834/E/E T7 CELESTE,CAMISON,201820834207
0601001950,L20834/E/E T7 ROSA,CAMISON,201820834107
0601001960,L20834/E/E T8 CELESTE,CAMISON,201820834208
0601001970,L20834/E/E T8 ROSA,CAMISON,201820834108
0601001980,L20835 TL PUNTILLA,CAMISON,20182083583
0601001990,L20835 TM PUNTILLA,CAMISON,20182083582
0601002000,L20835 TS PUNTILLA,CAMISON,20182083581
0601002010,L20835 TXL PUNTILLA,CAMISON,20182083584
0601002020,L20836 TL PUNTILLA,CAMISON,20182083683
0601002030,L20836 TM PUNTILLA,CAMISON,20182083682
0601002040,L20836 TS PUNTILLA,CAMISON,20182083681
0601002050,L20836 TXL PUNTILLA,CAMISON,20182083684
0601002060,L20837 TL BLANCO,CAMISON,2018208372983
0601002070,L20837 TL NEGRO,CAMISON,2018208371583
0601002080,L20837 TM BLANCO,CAMISON,2018208372982
0601002090,L20837 TM NEGRO,CAMISON,2018208371582
0601002100,L20837 TS BLANCO,CAMISON,2018208372981
0601002110,L20837 TS NEGRO,CAMISON,2018208371581
0601002120,L20837 TXL BLANCO,CAMISON,2018208372984
0601002130,L20837 TXL NEGRO,CAMISON,2018208371584
0601002200,L20842 TL FLORES,CAMISON,20182084283
0601002210,L20842 TM FLORES,CAMISON,20182084282
0601002220,L20842 TS FLORES,CAMISON,20182084281
0601002230,L20842 TXL FLORES,CAMISON,20182084284
0601002240,L20842/E T5 FLORES,CAMISON,20182084205
0601002250,L20842/E T6 FLORES,CAMISON,20182084206
0601002310,L20843 T52 PUNTILLA,CAMISON,20182084352
0601002320,L20843 T48 CAMISON PUNTILLA,CAMISION,20182084348
0601002330,L20843 T50 CAMISON PUNTILLA,CAMISION,20182084350
0601002340,L20843 T52 CAMISON PUNTILLA,CAMISION,20182084354
0601002350,L20843 T54 CAMISON PUNTILLA,CAMISION,20182084356
0601002360,L20843 T58 CAMISON PUNTILLA,CAMISION,20182084358
0601002370,L20843 T60 CAMISON PUNTILLA,CAMISION,20182084360
0601002380,L20835 T S NEGRO,camison,2018208351581
0601002390,L20835 TL NEGRO,camison,2018208351583
0601002400,L20835 TL ROJO,camison,201820835683
0601002410,L20835 TM NEGRO,camison,2018208351582
0601002420,L20835 TM ROJO,camison,201820835682
0601002430,L20835 TXL NEGRO,camison,2018208351584
0601002440,L8832 TL Blanco Camison,CAMISON,1818882207
0601002450,L8832 TL Negro Camison,CAMISON,1818882208
0601002460,L8832 TM Blanco Camison,CAMISON,1818882209
0601002470,L8832 TM Negro Camison,CAMISON,1818882210
0601002480,L20835 TXL ROJO,camison,201820835684
0601002490,L20825 TS VARIOS,,20182082581
0601002510,L20825 TL VARIOS,,20182082583
0601002520,L20825 TXL VARIOS,,20182082584
0601002530,L20825 TM  VARIOS,,20182082582
0601002540,L20844/E/E T62 PICOT,CAMISON,20182084462
0601002550,L20844/E/E T64 PICOT,CAMISON,20182084464
0601002560,L20844/E/E T66 PICOT,CAMISON,20182084466
0601002570,L20924 T4 DINOS,CAMISON,20112092404
0601002580,L20924 T6 DINOS,CAMISON,20112092406
0601002590,L20924 T8 DINOS,CAMISON,20112092408
0601002600,L20924/G T10 DINOS,CAMISON,20112092410
0601002610,L20924/G T12 DINOS,CAMISON,20112092412
0601002620,L20924/G T14 DINOS,CAMISON,20112092414
0601002630,L20924/G T16 DINOS,CAMISON,20112092416
0601002640,L20821 TL AZUL,CAMISON,2018208211883
0601002650,L20821 TM AZUL,CAMISON,2018208211882
0601002660,L20821 TS AZUL,CAMISON,2018208211881
0601002670,L20821 TXL AZUL,CAMISON,2018208211884
0601002680,L20844E T60,CAMISON,20182084460
0601002690,L20844 T50,CAMISON,20182084450
0601002700,L20844 T52,CAMISON,20182084452
0601002710,L20844E T58,CAMISON,20182084458
0601002720,L20844E T56,CAMISON,20182084456
0601002730,L20844 T48,CAMISON,20182084448
0601002740,L20844 T54,CAMISON,20182084454
0601002750,L20825 T6 VARIOS,,20182082506
0601002760,L20825 T5 VARIOS,,20182082505
0601002770,L20730 TXL ROSA,PIJAMA,201820730184
0601002780,L20705 TXL ROSA,PIJAMA,201820705184
0601002790,L20705 TL ROSA,PIJAMA,201820705183
0601002800,L20705 TM ROSA,PIJAMA,201820705182
0601002810,L20705 TS ROSA,PIJAMA,201820705181
0602036830,L9381 TL PANTALON ESCOCES,PANTALON,1918938183
0602036840,L9780 T5 Print,PIJAMA VE 19,191897806805
0602036850,L9780 T5 Tropical,PIJAMA VE 19,191897806905
0602036860,L9780 T6 Print,PIJAMA VE 19,191897806806
0602036870,L9780 T6 Tropical,PIJAMA VE 19,191897806906
0602036880,L9780 T7 Print,PIJAMA VE 19,191897806807
0602036890,L9780 T7 Tropical,PIJAMA VE 19,191897806907
0602036900,L9780 T8 Print,PIJAMA VE 19,191897806808
0602036910,L9780 T8 Tropical,PIJAMA VE 19,191897806908
0602036920,L9370 TXL FUCSIA,PIJAMA,19189370784
0602036930,L9381 TS PANTALON ESCOCES,PANTALON,1918938181
0602036940,L9780 TXL NEGRO,PIJAMA,191897801584
0602036950,L9381 TM PANTALON ESCOCES,PANTALON,1918938182
0602036960,L9381 TXL PANTALON ESCOCES,PANTALON,1918938184
0602036970,L9350 T5,PIJAMA,1918935005
0602036980,L9350 T6,PIJAMA,1918935006
0602036990,L9350 TL,PIJAMA,1918935083
0602037000,L9350 TM,PIJAMA,1918935082
0602037010,L9350 TS,PIJAMA,1918935081
0602037020,L9350 TXL,PIJAMA,1918935084
0602037030,L9351 TL CRUDO,PIJAMA,191893516583
0602037040,L9351 TL ROSA,PIJAMA,19189351183
0602037050,L9351 TM CRUDO,PIJAMA,191893516582
0602037060,L9351 TM ROSA,PIJAMA,19189351182
0602037070,L9351 TS CRUDO,PIJAMA,191893516581
0602037080,L9351 TS ROSA,PIJAMA,19189351181
0602037090,L9351 TXL CRUDO,PIJAMA,191893516584
0602037100,L9351 TXL ROSA,PIJAMA,19189351184
0602037110,L9352 TL NEGRO,PIJAMA,191893521583
0602037120,L9352 TL NUDE,PIJAMA,191893526483
0602037130,L9352 TM NEGRO,PIJAMA,191893521582
0602037140,L9352 TM NUDE,PIJAMA,191893526482
0602037150,L9352 TS NEGRO,PIJAMA,191893521581
0602037160,L9352 TS NUDE,PIJAMA,191893526481
0602037170,L9352 TXL NEGRO,PIJAMA,191893521584
0602037180,L9352 TXL NUDE,PIJAMA,191893526484
0602037190,L9353 T5 GRIS,PIJAMA,191893531305
0602037200,L9353 T5 ROSA,PIJAMA,1918935305
0602037210,L9353 T6 GRIS,PIJAMA,191893531306
0602037220,L9353 T6 ROSA,PIJAMA,1918935306
0602037230,L9353 T7 GRIS,PIJAMA,191893531307
0602037240,L9353 T7 ROSA,PIJAMA,1918935307
0602037250,L9353 T8 GRIS,PIJAMA,191893531308
0602037260,L9353 T8 ROSA,PIJAMA,1918935308
0602037270,L9353 TL GRIS,PIJAMA,191893531383
0602037280,L9353 TL ROSA,PIJAMA,19189353183
0602037290,L9353 TM GRIS,PIJAMA,191893531382
0602037300,L9353 TM ROSA,PIJAMA,19189353182
0602037310,L9353 TS GRIS,PIJAMA,191893531381
0602037320,L9353 TS ROSA,PIJAMA,19189353181
0602037330,L9353 TXL GRIS,PIJAMA,191893531384
0602037340,L9353 TXL ROSA,PIJAMA,19189353184
0602037350,L9354 TL,PIJAMA,1918935483
0602037360,L9354 TM,PIJAMA,1918935482
0602037370,L9354 TS,PIJAMA,1918935481
0602037380,L9354 TXL,PIJAMA,1918935484
0602037390,L9356 TL AZUL,PIJAMA,191893561883
0602037400,L9356 TL GRIS,PIJAMA,191893561383
0602037410,L9356 TM AZUL,PIJAMA,191893561882
0602037420,L9356 TM GRIS,PIJAMA,191893561382
0602037430,L9356 TS AZUL,PIJAMA,191893561881
0602037440,L9356 TS GRIS,PIJAMA,191893561381
0602037450,L9356 TXL AZUL,PIJAMA,191893561884
0602037460,L9356 TXL GRIS,PIJAMA,191893561384
0602037470,L9357 TL,PIJAMA,1918935783
0602037480,L9357 TM,PIJAMA,1918935782
0602037490,L9357 TS,PIJAMA,1918935781
0602037500,L9357 TXL,PIJAMA,1918935784
0602037510,L9358 TL,PIJAMA,1918935883
0602037520,L9358 TM,PIJAMA,1918935882
0602037530,L9358 TS,PIJAMA,1918935881
0602037540,L9358 TXL,PIJAMA,1918935884
0602037550,L9359 TL CELESTE,PIJAMA,19189359283
0602037560,L9359 TL ROSA,PIJAMA,19189359183
0602037570,L9359 TM CELESTE,PIJAMA,19189359282
0602037580,L9359 TM ROSA,PIJAMA,19189359182
0602037590,L9359 TS CELESTE,PIJAMA,19189359281
0602037600,L9359 TS ROSA,PIJAMA,19189359181
0602037610,L9359 TXL CELESTE,PIJAMA,19189359284
0602037620,L9359 TXL ROSA,PIJAMA,19189359184
0602037630,L9360 TL,PIJAMA,1918936083
0602037640,L9360 TM,PIJAMA,1918936082
0602037650,L9360 TS,PIJAMA,1918936081
0602037660,L9360 TXL,PIJAMA,1918936084
0602037670,L9361 T5 AZUL,PIJAMA,191893611805
0602037680,L9361 T5 GRIS,PIJAMA,191893611305
0602037690,L9361 T6 AZUL,PIJAMA,191893611806
0602037700,L9361 T6 GRIS,PIJAMA,191893611306
0602037710,L9361 T7 AZUL,PIJAMA,191893611807
0602037720,L9361 T7 GRIS,PIJAMA,191893611307
0602037730,L9361 T8 AZUL,PIJAMA,191893611808
0602037740,L9361 T8 GRIS,PIJAMA,191893611308
0602037750,L9361 TL AZUL,PIJAMA,191893611883
0602037760,L9361 TL GRIS,PIJAMA,191893611383
0602037770,L9361 TM AZUL,PIJAMA,191893611882
0602037780,L9361 TM GRIS,PIJAMA,191893611382
0602037790,L9361 TS AZUL,PIJAMA,191893611881
0602037800,L9361 TS GRIS,PIJAMA,191893611381
0602037810,L9361 TXL AZUL,PIJAMA,191893611884
0602037820,L9361 TXL GRIS,PIJAMA,191893611384
0602037830,L9362 T5 GRIS,PIJAMA,191893621305
0602037840,L9362 T5 NUDE,PIJAMA,191893626405
0602037850,L9362 T6 GRIS,PIJAMA,191893621306
0602037860,L9362 T6 NUDE,PIJAMA,191893626406
0602037870,L9362 TL GRIS,PIJAMA,191893621383
0602037880,L9362 TL NUDE,PIJAMA,191893626483
0602037890,L9362 TM GRIS,PIJAMA,191893621382
0602037900,L9362 TM NUDE,PIJAMA,191893626482
0602037910,L9362 TS GRIS,PIJAMA,191893621381
0602037920,L9362 TS NUDE,PIJAMA,191893626481
0602037930,L9362 TXL GRIS,PIJAMA,191893621384
0602037940,L9362 TXL NUDE,PIJAMA,191893626484
0602037950,L9363 T5 GRIS,PIJAMA,191893631305
0602037960,L9363 T5 ROSA,PIJAMA,19189363105
0602037970,L9363 T6 GRIS,PIJAMA,191893631306
0602037980,L9363 T6 ROSA,PIJAMA,19189363106
0602037990,L9363 TL GRIS,PIJAMA,191893631383
0602038000,L9363 TL ROSA,PIJAMA,19189363183
0602038010,L9363 TM GRIS,PIJAMA,191893631382
0602038020,L9363 TM ROSA,PIJAMA,19189363182
0602038030,L9363 TS GRIS,PIJAMA,191893631381
0602038040,L9363 TS ROSA,PIJAMA,19189363181
0602038050,L9363 TXL GRIS,PIJAMA,191893631384
0602038060,L9363 TXL ROSA,PIJAMA,19189363184
0602038070,L9364 TL,PIJAMA,1918936483
0602038080,L9364 TM,PIJAMA,1918936482
0602038090,L9364 TS,PIJAMA,1918936481
0602038100,L9364 TXL,PIJAMA,1918936484
0602038110,L9365 T5 BLANCO,PIJAMA,191893652905
0602038120,L9365 T5 GRIS,PIJAMA,191893651305
0602038130,L9365 T6 BLANCO,PIJAMA,191893652906
0602038140,L9365 T6 GRIS,PIJAMA,191893651306
0602038150,L9365 TL BLANCO,PIJAMA,191893652983
0602038160,L9365 TL GRIS,PIJAMA,191893651383
0602038170,L9365 TM BLANCO,PIJAMA,191893652982
0602038180,L9365 TM GRIS,PIJAMA,191893651382
0602038190,L9365 TS BLANCO,PIJAMA,191893652981
0602038200,L9365 TS GRIS,PIJAMA,191893651381
0602038210,L9365 TXL BLANCO,PIJAMA,191893652984
0602038220,L9365 TXL GRIS,PIJAMA,191893651384
0602038230,L9370 TL AZUL,PIJAMA,191893701883
0602038240,L9370 TL ROJO,PIJAMA,19189370683
0602038250,L9370 TM AZUL,PIJAMA,191893701882
0602038260,L9370 TM ROJO,PIJAMA,19189370682
0602038270,L9370 TS AZUL,PIJAMA,191893701881
0602038280,L9370 TS ROJO,PIJAMA,19189370681
0602038290,L9370 TXL AZUL,PIJAMA,191893701884
0602038300,L9370 TXL ROJO,PIJAMA,19189370684
0602038310,L9371 TL,PIJAMA,1918937183
0602038320,L9371 TM,PIJAMA,1918937182
0602038330,L9371 TS,PIJAMA,1918937181
0602038340,L9371 TXL,PIJAMA,1918937184
0602038350,L9372 TL,PIJAMA,1918937283
0602038360,L9372 TM,PIJAMA,1918937282
0602038370,L9372 TS,PIJAMA,1918937281
0602038380,L9372 TXL,PIJAMA,1918937284
0602038390,L9373 T5 GRIS,PIJAMA,191893731305
0602038400,L9373 T5 TOSTADO,PIJAMA,191893737005
0602038410,L9373 T6 GRIS,PIJAMA,191893731306
0602038420,L9373 T6 TOSTADO,PIJAMA,191893737006
0602038430,L9373 T7 GRIS,PIJAMA,191893731307
0602038440,L9373 T7 TOSTADO,PIJAMA,191893737007
0602038450,L9373 T8 GRIS,PIJAMA,191893731308
0602038460,L9373 T8 TOSTADO,PIJAMA,191893737008
0602038470,L9373 TL GRIS,PIJAMA,191893731383
0602038480,L9373 TL TOSTADO,PIJAMA,191893737083
0602038490,L9373 TM GRIS,PIJAMA,191893731382
0602038500,L9373 TM TOSTADO,PIJAMA,191893737082
0602038510,L9373 TS GRIS,PIJAMA,191893731381
0602038520,L9373 TS TOSTADO,PIJAMA,191893737081
0602038530,L9373 TXL GRIS,PIJAMA,191893731384
0602038540,L9373 TXL TOSTADO,PIJAMA,191893737084
0602038550,L9374 TL,PIJAMA,1918937483
0602038560,L9374 TM,PIJAMA,1918937482
0602038570,L9374 TS,PIJAMA,1918937481
0602038580,L9374 TXL,PIJAMA,1918937484
0602038590,L9375 TL NEGRO,PIJAMA,191893751583
0602038600,L9375 TM NEGRO,PIJAMA,191893751582
0602038610,L9375 TS NEGRO,PIJAMA,191893751581
0602038620,L9375 TXL NEGRO,PIJAMA,191893751584
0602038630,L9376 T5 GRIS,PIJAMA,191893761305
0602038640,L9376 T5 NEGRO,PIJAMA,191893761505
0602038650,L9376 T6 GRIS,PIJAMA,191893761306
0602038660,L9376 T6 NEGRO,PIJAMA,191893761506
0602038670,L9376 TL GRIS,PIJAMA,191893761383
0602038680,L9376 TL NEGRO,PIJAMA,191893761583
0602038690,L9376 TM GRIS,PIJAMA,191893761382
0602038700,L9376 TM NEGRO,PIJAMA,191893761582
0602038710,L9376 TS GRIS,PIJAMA,191893761381
0602038720,L9376 TS NEGRO,PIJAMA,191893761581
0602038730,L9376 TXL GRIS,PIJAMA,191893761384
0602038740,L9376 TXL NEGRO,PIJAMA,191893761584
0602038750,L9377 TL,PIJAMA,1918937783
0602038760,L9377 TM,PIJAMA,1918937782
0602038770,L9377 TS,PIJAMA,1918937781
0602038780,L9377 TXL,PIJAMA,1918937784
0602038790,L9378 T5 AZUL,PIJAMA,191893781805
0602038800,L9378 T5 BORDO,PIJAMA,191893781605
0602038810,L9378 T6 AZUL,PIJAMA,191893781806
0602038820,L9378 T6 BORDO,PIJAMA,191893781606
0602038830,L9378 TL AZUL,PIJAMA,191893781883
0602038840,L9378 TL BORDO,PIJAMA,191893781683
0602038850,L9378 TM AZUL,PIJAMA,191893781882
0602038860,L9378 TM BORDO,PIJAMA,191893781682
0602038870,L9378 TS AZUL,PIJAMA,191893781881
0602038880,L9378 TS BORDO,PIJAMA,191893781681
0602038890,L9378 TXL AZUL,PIJAMA,191893781884
0602038900,L9378 TXL BORDO,PIJAMA,191893781684
0602038910,L9379 T5,PIJAMA,1918937905
0602038920,L9379 T6,PIJAMA,1918937906
0602038930,L9379 TL,PIJAMA,1918937983
0602038940,L9379 TM,PIJAMA,1918937982
0602038950,L9379 TS,PIJAMA,1918937981
0602038960,L9379 TXL,PIJAMA,1918937984
0602038970,L9380 T5,PIJAMA,1918938005
0602038980,L9380 T6,PIJAMA,1918938006
0602038990,L9380 TL,PIJAMA,1918938083
0602039000,L9380 TM,PIJAMA,1918938082
0602039010,L9380 TS,PIJAMA,1918938081
0602039020,L9380 TXL,PIJAMA,1918938084
0602039030,L9940 T10 GRIS,PIJAMA,191199401310
0602039040,L9940 T10 ROSA,PIJAMA,19119940110
0602039050,L9940 T12 GRIS,PIJAMA,191199401312
0602039060,L9940 T12 ROSA,PIJAMA,19119940112
0602039070,L9940 T14 GRIS,PIJAMA,191199401314
0602039080,L9940 T14 ROSA,PIJAMA,19119940114
0602039090,L9940 T16 GRIS,PIJAMA,191199401316
0602039100,L9940 T16 ROSA,PIJAMA,19119940116
0602039110,L9940 T4 GRIS,PIJAMA,191199401304
0602039120,L9940 T4 ROSA,PIJAMA,19119940104
0602039130,L9940 T6 GRIS,PIJAMA,191199401306
0602039140,L9940 T6 ROSA,PIJAMA,19119940106
0602039150,L9940 T8 GRIS,PIJAMA,191199401308
0602039160,L9940 T8 ROSA,PIJAMA,19119940108
0602039170,L9941 T10,PIJAMA,1911994110
0602039180,L9941 T12,PIJAMA,1911994112
0602039190,L9941 T14,PIJAMA,1911994114
0602039200,L9941 T16,PIJAMA,1911994116
0602039210,L9941 T4,PIJAMA,1911994104
0602039220,L9941 T6,PIJAMA,1911994106
0602039230,L9941 T8,PIJAMA,1911994108
0602039240,L9942 T10 GRIS,PIJAMA,191199421310
0602039250,L9942 T10 ROSA,PIJAMA,19119942110
0602039260,L9942 T12 GRIS,PIJAMA,191199421312
0602039270,L9942 T12 ROSA,PIJAMA,19119942112
0602039280,L9942 T14 GRIS,PIJAMA,191199421314
0602039290,L9942 T14 ROSA,PIJAMA,19119942114
0602039300,L9942 T16 GRIS,PIJAMA,191199421316
0602039310,L9942 T16 ROSA,PIJAMA,19119942116
0602039320,L9942 T4 GRIS,PIJAMA,191199421304
0602039330,L9942 T4 ROSA,PIJAMA,19119942104
0602039340,L9942 T6 GRIS,PIJAMA,191199421306
0602039350,L9942 T6 ROSA,PIJAMA,19119942106
0602039360,L9942 T8 GRIS,PIJAMA,191199421308
0602039370,L9942 T8 ROSA,PIJAMA,19119942108
0602039380,L9943 T10 ROSA,PIJAMA,19119943110
0602039390,L9943 T10 VIOLETA,PIJAMA,191199432710
0602039400,L9943 T12 ROSA,PIJAMA,19119943112
0602039410,L9943 T12 VIOLETA,PIJAMA,191199432712
0602039420,L9943 T14 ROSA,PIJAMA,19119943114
0602039430,L9943 T14 VIOLETA,PIJAMA,191199432714
0602039440,L9943 T16 ROSA,PIJAMA,19119943116
0602039450,L9943 T16 VIOLETA,PIJAMA,191199432716
0602039460,L9943 T4 ROSA,PIJAMA,19119943104
0602039470,L9943 T4 VIOLETA,PIJAMA,191199432704
0602039480,L9943 T6 ROSA,PIJAMA,19119943106
0602039490,L9943 T6 VIOLETA,PIJAMA,191199432706
0602039500,L9943 T8 ROSA,PIJAMA,19119943108
0602039510,L9943 T8 VIOLETA,PIJAMA,191199432708
0602039520,L9944 T10,PIJAMA,1911994410
0602039530,L9944 T12,PIJAMA,1911994412
0602039540,L9944 T14,PIJAMA,1911994414
0602039550,L9944 T16,PIJAMA,1911994416
0602039560,L9944 T4,PIJAMA,1911994404
0602039570,L9944 T6,PIJAMA,1911994406
0602039580,L9944 T8,PIJAMA,1911994408
0602039590,L9945 T10 GRIS,PIJAMA,191199451310
0602039600,L9945 T10 ROSA,PIJAMA,19119945110
0602039610,L9945 T12 GRIS,PIJAMA,191199451312
0602039620,L9945 T12 ROSA,PIJAMA,19119945112
0602039630,L9945 T14 GRIS,PIJAMA,191199451314
0602039640,L9945 T14 ROSA,PIJAMA,19119945114
0602039650,L9945 T16 GRIS,PIJAMA,191199451316
0602039660,L9945 T16 ROSA,PIJAMA,19119945116
0602039670,L9945 T4 GRIS,PIJAMA,191199451304
0602039680,L9945 T4 ROSA,PIJAMA,19119945104
0602039690,L9945 T6 GRIS,PIJAMA,191199451306
0602039700,L9945 T6 ROSA,PIJAMA,19119945106
0602039710,L9945 T8 GRIS,PIJAMA,191199451308
0602039720,L9945 T8 ROSA,PIJAMA,19119945108
0602039730,L9960 T10 AZUL,PIJAMA,1911996001810
0602039740,L9960 T10 VERDE,PIJAMA,1911996002410
0602039750,L9960 T12 AZUL,PIJAMA,1911996001812
0602039760,L9960 T12 VERDE,PIJAMA,1911996002412
0602039770,L9960 T14 AZUL,PIJAMA,1911996001814
0602039780,L9960 T14 VERDE,PIJAMA,1911996002414
0602039790,L9960 T16 AZUL,PIJAMA,1911996001816
0602039800,L9960 T16 VERDE,PIJAMA,1911996002416
0602039810,L9960 T4 AZUL,PIJAMA,1911996001804
0602039820,L9960 T4 VERDE,PIJAMA,1911996002404
0602039830,L9960 T6 AZUL,PIJAMA,1911996001806
0602039840,L9960 T6 VERDE,PIJAMA,1911996002406
0602039850,L9960 T8 AZUL,PIJAMA,1911996001808
0602039860,L9960 T8 VERDE,PIJAMA,1911996002408
0602039870,L9961 T10 AZUL,PIJAMA,1911996101810
0602039880,L9961 T10 NEGRO,PIJAMA,1911996101510
0602039890,L9961 T12 AZUL,PIJAMA,1911996101812
0602039900,L9961 T12 NEGRO,PIJAMA,1911996101512
0602039910,L9961 T14 AZUL,PIJAMA,1911996101814
0602039920,L9961 T14 NEGRO,PIJAMA,1911996101514
0602039930,L9961 T16 AZUL,PIJAMA,1911996101816
0602039940,L9961 T16 NEGRO,PIJAMA,1911996101516
0602039950,L9961 T4 AZUL,PIJAMA,1911996101804
0602039960,L9961 T4 NEGRO,PIJAMA,1911996101504
0602039970,L9961 T6 AZUL,PIJAMA,1911996101806
0602039980,L9961 T6 NEGRO,PIJAMA,1911996101506
0602039990,L9961 T8 AZUL,PIJAMA,1911996101808
0602040000,L9961 T8 NEGRO,PIJAMA,1911996101508
0602040010,L9962 T10,PIJAMA,19119962010
0602040020,L9962 T12,PIJAMA,19119962012
0602040030,L9962 T14,PIJAMA,19119962014
0602040040,L9962 T16,PIJAMA,19119962016
0602040050,L9962 T4,PIJAMA,19119962004
0602040060,L9962 T6,PIJAMA,19119962006
0602040070,L9962 T8,PIJAMA,19119962008
0602040080,L8903 T10 FUCSIA,PIJAMA IN 18,181118903710
0602040090,L8903 T12 FUCSIA,PIJAMA IN 18,181118903712
0602040100,L8903 T14 FUCSIA,PIJAMA IN 18,181118903714
0602040110,L8903 T16 FUCSIA,PIJAMA IN 18,181118903716
0602040120,L8903 T4 FUCSIA,PIJAMA IN 18,181118903704
0602040130,L8903 T6 FUCSIA,PIJAMA IN 18,181118903706
0602040140,L8903 T8 FUCSIA,PIJAMA IN 18,181118903708
0602040150,L9765 TL Negro,PIJAMA VE 19,198197651583
0602040160,L9765 TM Negro,PIJAMA VE 19,198197651582
0602040170,L9765 TS Negro,PIJAMA VE 19,198197651581
0602040180,L9765 TXL Negro,PIJAMA VE 19,198197651584
0602040190,L9356 TL AZUL,PIJAMA,191893566183
0602040200,L9356 TM AZUL,PIJAMA,191893566182
0602040210,L9356 TS AZUL,PIJAMA,191893566181
0602040220,L9356 TXL AZUL,PIJAMA,191893566184
0602040230,L9370 TL FUCSIA,PIJAMA,19189370783
0602040240,L9370 TM FUCSIA,PIJAMA,19189370782
0602040250,L9370 TS FUCSIA,PIJAMA,19189370781
0602046490,L20723/E T6 Pijama,PIJAMA,20182072306
0602046500,L20723 TM Pijama,PIJAMA,20182072382
0602046510,L20723 TL Pijama,PIJAMA,20182072383
0602046520,L20723 TXL Pijama,PIJAMA,20182072384
0602046530,L20730 TL BLANCO,PIJAMA,2018207302983
0602046540,L20730 TL ROSA,PIJAMA,201820730183
0602046550,L20730 TM BLANCO,PIJAMA,2018207302982
0602046560,L20730 TM ROSA,PIJAMA,201820730182
0602046570,L20730 TS BLANCO,PIJAMA,201820732981
0602046580,L20730 TS ROSA,PIJAMA,201820730181
0602046590,L20735 T M NEGRO,PIJAMA,2018207351582
0602046600,L20793 TL Pijama,PIJAMA,20182079383
0602046670,L20794 TXL Pijama,PIJAMA,20182079484
0602046680,L20795 TL Pijama,PIJAMA,20182079583
0602046690,L20795 TM Pijama,PIJAMA,20182079582
0602046700,L20795 TS Pijama,PIJAMA,20182079581
0602046710,L20795 TXL Pijama,PIJAMA,20182079584
0602046720,L20796 TL Pijama,PIJAMA,20182079683
0602046730,L20796 TM Pijama,PIJAMA,20182079682
0602046740,L20796 TS Pijama,PIJAMA,20182079681
0602046750,L20796 TXL Pijama,PIJAMA,20182079684
0602046880,L20735 TL NEGRO,PIJAMA,2018207351583
0602046890,L20735 TS NEGRO,PIJAMA,2018207351581
0602046900,L20735 TXL NEGRO,PIJAMA,2018207351584
0602046910,L20739 T5 LUNARES,PIJAMA,20182073905
0602046920,L20739 T6 LUNARES,PIJAMA,20182073906
0602046930,L20910 T16 BLANCO,PIJAMA,2011209102916
0602046940,L20910 T4 BLANCO,PIJAMA,2011209102904
0602046950,L20910 T8 BLANCO,PIJAMA,2011209102908
0602046960,L20910 T6 BLANCO,PIJAMA,2011209102906
0602046970,L20910 T10 BLANCO,PIJAMA,2011209102910
0602046980,L20910 T12 BLANCO,PIJAMA,2011209102912
0602046990,L20730 TXL BLANCO,PIJAMA,2018207302984
0602047000,L20910 T14 BLANCO,PIJAMA,2011209102914
0602047120,L9894 TL Pijama,PIJAMA,1918989483
0602047130,L9894 TM Pijama,PIJAMA,1918989482
0602047140,L9894 TS Pijama,PIJAMA,1918989481
0602047150,L9894 TXL Pijama,PIJAMA,1918989484
0602047160,L20720 TXL Pijama,PIJAMA,20182072084
0602047180,L20722 TM Pijama,PIJAMA,20182072282
0602047200,L20722 TXL Pijama,PIJAMA,20182072284
0602047220,L20723/E T5 Pijama,PIJAMA,20182072305
0602047350,L20793 TM Pijama,PIJAMA,20182079382
0602047360,L20793 TS Pijama,PIJAMA,20182079381
0602047370,L20793 TXL Pijama,PIJAMA,20182079384
0602047380,L20794 TL Pijama,PIJAMA,20182079483
0602047390,L20794 TM Pijama,PIJAMA,20182079482
0602047400,L20794 TS Pijama,PIJAMA,20182079481
0602047500,L20798 TL Pijama,PIJAMA,20182079883
0602047510,L20798 TM Pijama,PIJAMA,20182079882
0602047520,L20798 TS Pijama,PIJAMA,20182079881
0602047530,L20798 TXL Pijama,PIJAMA,20182079884
0602047540,L20799 TL Pijama Unicornio,PIJAMA,20182079983
0602047550,L20799 TM Pijama Unicornio,PIJAMA,20182079982
0602047560,L20799 TS Pijama Unicornio,PIJAMA,20182079981
0602047570,L20799 TXL Pijama Unicornio,PIJAMA,20192079984
0602047580,L6811/E T5 Pijama,PIJAMA,1618681105
0602047590,L6811/E T6 Pijama,PIJAMA,1618681106
0602047600,L20705 TS GRIS,PIJAMA,2018207051381
0602047610,L20705 TM GRIS,PIJAMA,2018207051382
0602047620,L20705 TL GRIS,PIJAMA,2018207051383
0602047630,L20705 TXL GRIS,PIJAMA,2018207051384
0602047640,L20300 TS AZUL,PIJAMA,2018203001881
0602047650,L20300 TM AZUL,PIJAMA,2018203001882
0602047660,L20300 TL AZUL,PIJAMA,2018203001883
0602047670,L20300 TXL AZUL,PIJAMA,2018203001884
0602047680,L20300 TS ROSA,PIJAMA,201820300128
0602047690,L20300 TM ROSA,PIJAMA,201820300182
0602047700,L20300 TL ROSA,PIJAMA,201820300183
0602047710,L20300 TXL ROSA,PIJAMA,201820300184
0602047720,L20300/E T5 AZUL,PIJAMA,2018203001805
0602047730,L20300/E T6 AZUL,PIJAMA,2018203001806
0602047740,L20300/E T5 ROSA,PIJAMA,201820300105
0602047750,L20300/E T6 ROSA,PIJAMA,201820300106
0602047760,L20301 TS ROSA,PIJAMA,201820301181
0602047770,L20301 TM ROSA,PIJAMA,201820301182
0602047780,L20301 TL ROSA,PIJAMA,201820301183
0602047790,L20301 TXL ROSA,PIJAMA,201820301184
0602047800,L20302 TS ROSA,PIJAMA,201820302181
0602047810,L20302 TM ROSA,PIJAMA,201820302182
0602047820,L20302 TL ROSA,PIJAMA,201820302183
0602047830,L20302 TXL ROSA,PIJAMA,201820302184
0602047840,L20302 TS GRIS,PIJAMA,2018203021381
0602047850,L20302 TM GRIS,PIJAMA,2018203021382
0602047860,L20302 TL GRIS,PIJAMA,2018203021383
0602047870,L20302 TXL GRIS,PIJAMA,2018203021384
0602047880,L20303 TS GRIS,PIJAMA,2018203031381
0602047890,L20303 TM GRIS,PIJAMA,2018203031382
0602047900,L20303 TL GRIS,PIJAMA,2018203031383
0602047910,L20303 TXL GRIS,PIJAMA,2018203031384
0602047920,L20303 TS HUESO,PIJAMA,2018203033981
0602047930,L20303 TM HUESO,PIJAMA,2018203033982
0602047940,L20303 TL HUESO,PIJAMA,2018203033983
0602047950,L20303 TXL HUESO,PIJAMA,2018203033984
0602047960,L20304 TS GRIS,PIJAMA,2018203041381
0602047970,L20304 TM GRIS,PIJAMA,2018203041382
0602047980,L20304 TL GRIS,PIJAMA,2018203041383
0602047990,L20304 TXL GRIS,PIJAMA,2018203041384
0602048000,L20304 TS CELESTE,PIJAMA,201820304281
0602048010,L20304 TM CELESTE,PIJAMA,201820304282
0602048020,L20304 TL CELESTE,PIJAMA,201820304283
0602048030,L20304 TXL CELESTE,PIJAMA,201820304284
0602048040,L20305 TS ROSA,PIJAMA,201820305181
0602048050,L20305 TM ROSA,PIJAMA,201820305182
0602048060,L20305 TL ROSA,PIJAMA,201820305183
0602048070,L20305 TXL ROSA,PIJAMA,201820305184
0602048080,L20305 TS GRIS,PIJAMA,2018203051381
0602048090,L20305 TM GRIS,PIJAMA,2018203051382
0602048100,L20305 TL GRIS,PIJAMA,2018203051383
0602048110,L20305 TXL GRIS,PIJAMA,2018203051384
0602048120,L20305/E T5 ROSA,PIJAMA,201820305105
0602048130,L20305/E T6 ROSA,PIJAMA,201820305106
0602048140,L20305/E T5 GRIS,PIJAMA,2018203051305
0602048150,L20305/E T6 GRIS,PIJAMA,2018203051306
0602048160,L20305/E/E T7 ROSA,PIJAMA,201820305107
0602048170,L20305/E/E T8 ROSA,PIJAMA,201820305108
0602048180,L20305/E/E T7 GRIS,PIJAMA,2018203051307
0602048190,L20305/E/E T8 GRIS,PIJAMA,2018203051308
0602048200,L20306 TS ROSA,PIJAMA,201820306181
0602048210,L20306 TM ROSA,PIJAMA,201820306182
0602048220,L20306 TL ROSA,PIJAMA,201820306183
0602048230,L20306 TXL ROSA,PIJAMA,201820306184
0602048240,L20306 TS CELESTE,PIJAMA,201820306281
0602048250,L20306 TM CELESTE,PIJAMA,201820306282
0602048260,L20306 TL CELESTE,PIJAMA,201820306283
0602048270,L20306 TXL CELESTE,PIJAMA,201820306284
0602048280,L20306/E T5 ROSA,PIJAMA,201820306105
0602048290,L20306/E T6 ROSA,PIJAMA,201820306106
0602048300,L20306/E T5 CELESTE,PIJAMA,201820306205
0602048310,L20306/E T6 CELESTE,PIJAMA,201820306206
0602048320,L20307 TS ROSA,PIJAMA,201820307181
0602048330,L20307 TM ROSA,PIJAMA,201820307182
0602048340,L20307 TL ROSA,PIJAMA,201820307183
0602048350,L20307 TXL ROSA,PIJAMA,201820307184
0602048360,L20307 TS CELESTE,PIJAMA,201820307281
0602048370,L20307 TM CELESTE,PIJAMA,201820307282
0602048380,L20307 TL CELESTE,PIJAMA,201820307283
0602048390,L20307 TXL CELESTE,PIJAMA,201820307284
0602048400,L20308 TS ROSA,PIJAMA,201820308181
0602048410,L20308 TM ROSA,PIJAMA,201820308182
0602048420,L20308 TL ROSA,PIJAMA,201820308183
0602048430,L20308 TXL ROSA,PIJAMA,201820308184
0602048440,L20308 TS GRIS,PIJAMA,2018203081381
0602048450,L20308 TM GRIS,PIJAMA,2018203081382
0602048460,L20308 TL GRIS,PIJAMA,2018203081383
0602048470,L20308 TXL GRIS,PIJAMA,2018203081384
0602048480,L20311 TS ROSA,PIJAMA,201820311181
0602048490,L20311 TM ROSA,PIJAMA,201820311182
0602048500,L20311 TL ROSA,PIJAMA,201820311183
0602048510,L20311 TXL ROSA,PIJAMA,201820311184
0602048520,L20311 TS GRIS,PIJAMA,2018203111381
0602048530,L20311 TM GRIS,PIJAMA,2018203111382
0602048540,L20311 TL GRIS,PIJAMA,2018203111383
0602048550,L20311 TXL GRIS,PIJAMA,2018203111384
0602048560,L20312 TS HUESO,PIJAMA,2018203123981
0602048570,L20312 TM HUESO,PIJAMA,2018203123982
0602048580,L20312 TL HUESO,PIJAMA,2018203123983
0602048590,L20312 TXL HUESO,PIJAMA,2018203123984
0602048600,L20312 TS GRIS,PIJAMA,2018203121381
0602048610,L20312 TM GRIS,PIJAMA,2018203121382
0602048620,L20312 TL GRIS,PIJAMA,2018203121383
0602048630,L20312 TXL GRIS,PIJAMA,2018203121384
0602048640,L20313 TS UNICO,PIJAMA,20182031381
0602048650,L20313 TM UNICO,PIJAMA,20182031382
0602048660,L20313 TL UNICO,PIJAMA,20182031383
0602048670,L20313 TXL UNICO,PIJAMA,20182031384
0602048680,L20314 TS UNICO,PIJAMA,20182031481
0602048690,L20314 TM UNICO,PIJAMA,20182031482
0602048700,L20314 TL UNICO,PIJAMA,20182031483
0602048710,L20314 TXL UNICO,PIJAMA,20182031484
0602048720,L20315 TS UNICO,PIJAMA,20182031581
0602048730,L20315 TM UNICO,PIJAMA,20182031582
0602048740,L20315 TL UNICO,PIJAMA,20182031583
0602048750,L20315 TXL UNICO,PIJAMA,20182031584
0602048760,L20315/E T5 UNICO,PIJAMA,20182031505
0602048770,L20315/E T6 UNICO,PIJAMA,20182031506
0602048780,L20316 TS GRIS TOPO,PIJAMA,2018203167181
0602048790,L20316 TM GRIS TOPO,PIJAMA,2018203167182
0602048800,L20316 TL GRIS TOPO,PIJAMA,2018203167183
0602048810,L20316 TXL GRIS TOPO,PIJAMA,2018203167184
0602048820,L20316 TS ROSA,PIJAMA,201820316181
0602048830,L20316 TM ROSA,PIJAMA,201820316182
0602048840,L20316 TL ROSA,PIJAMA,201820316183
0602048850,L20316 TXL ROSA,PIJAMA,201820316184
0602048860,L20330 TS ROSA,PIJAMA,201820330181
0602048870,L20330 TM ROSA,PIJAMA,201820330182
0602048880,L20330 TL ROSA,PIJAMA,201820330183
0602048890,L20330 TXL ROSA,PIJAMA,201820330184
0602048900,L20330 TS GRIS,PIJAMA,2018203301381
0602048910,L20330 TM GRIS,PIJAMA,2018203301382
0602048920,L20330 TL GRIS,PIJAMA,2018203301383
0602048930,L20330 TXL GRIS,PIJAMA,2018203301384
0602048940,L20331 TS UNICO,PIJAMA,20182033181
0602048950,L20331 TM UNICO,PIJAMA,20182033182
0602048960,L20331 TL UNICO,PIJAMA,20182033183
0602048970,L20331 TXL UNICO,PIJAMA,20182033184
0602048980,L20332 TS CELESTE,PIJAMA,201820332281
0602048990,L20332 TM CELESTE,PIJAMA,201820332282
0602049000,L20332 TL CELESTE,PIJAMA,201820332283
0602049010,L20332 TXL CELESTE,PIJAMA,201820332284
0602049020,L20332 TS ROSA,PIJAMA,201820332181
0602049030,L20332 TM ROSA,PIJAMA,201820332182
0602049040,L20332 TL ROSA,PIJAMA,201820332183
0602049050,L20332 TXL ROSA,PIJAMA,201820332184
0602049060,L20333 TS HUESO,PIJAMA,2018203333981
0602049070,L20333 TM HUESO,PIJAMA,2018203333982
0602049080,L20333 TL HUESO,PIJAMA,2018203333983
0602049090,L20333 TXL HUESO,PIJAMA,2018203333984
0602049100,L20333 TS ROSA,PIJAMA,201820333181
0602049110,L20333 TM ROSA,PIJAMA,201820333182
0602049120,L20333 TL ROSA,PIJAMA,201820333183
0602049130,L20333 TXL ROSA,PIJAMA,201820333184
0602049140,L20334 TS GRIS,PIJAMA,2018203341381
0602049150,L20334 TM GRIS,PIJAMA,2018203341382
0602049160,L20334 TL GRIS,PIJAMA,2018203341383
0602049170,L20334 TXL GRIS,PIJAMA,2018203341384
0602049180,L20334 TS HUESO,PIJAMA,2018203343981
0602049190,L20334 TM HUESO,PIJAMA,2018203343982
0602049200,L20334 TL HUESO,PIJAMA,2018203343983
0602049210,L20334 TXL HUESO,PIJAMA,2018203343984
0602049220,L20335 TS VERDE,PIJAMA,2018203352481
0602049230,L20335 TM VERDE,PIJAMA,2018203352482
0602049240,L20335 TL VERDE,PIJAMA,2018203352483
0602049250,L20335 TXL VERDE,PIJAMA,2018203352484
0602049260,L20335 TS ROSA,PIJAMA,201820335181
0602049270,L20335 TM ROSA,PIJAMA,201820335182
0602049280,L20335 TL ROSA,PIJAMA,201820335183
0602049290,L20335 TXL ROSA,PIJAMA,201820335184
0602049300,L20335/E T5 VERDE,PIJAMA,2018203352405
0602049310,L20335/E T6 VERDE,PIJAMA,2018203352406
0602049320,L20335/E T5 ROSA,PIJAMA,201820335105
0602049330,L20335/E T6 ROSA,PIJAMA,201820335106
0602049340,L20335/E/E T7 VERDE,PIJAMA,2018203352407
0602049350,L20335/E/E T8 VERDE,PIJAMA,2018203352408
0602049360,L20335/E/E T7 ROSA,PIJAMA,201820335107
0602049370,L20335/E/E T8 ROSA,PIJAMA,201820335108
0602049380,L20336 TS ROSA,PIJAMA,201820336181
0602049390,L20336 TM ROSA,PIJAMA,201820336182
0602049400,L20336 TL ROSA,PIJAMA,201820336183
0602049410,L20336 TXL ROSA,PIJAMA,201820336184
0602049420,L20336 TS AZUL,PIJAMA,2018203361881
0602049430,L20336 TM AZUL,PIJAMA,2018203361882
0602049440,L20336 TL AZUL,PIJAMA,2018203361883
0602049450,L20336 TXL AZUL,PIJAMA,2018203361884
0602049460,L20337 TS BORDO,PIJAMA,2018203371681
0602049470,L20337 TM BORDO,PIJAMA,2018203371682
0602049480,L20337 TL BORDO,PIJAMA,2018203371683
0602049490,L20337 TXL BORDO,PIJAMA,2018203371684
0602049500,L20337 TS GRIS,PIJAMA,2018203371381
0602049510,L20337 TM GRIS,PIJAMA,2018203371382
0602049520,L20337 TL GRIS,PIJAMA,2018203371383
0602049530,L20337 TXL GRIS,PIJAMA,2018203371384
0602049540,L20338 TS NEGRO,PIJAMA,2018203381581
0602049550,L20338 TM NEGRO,PIJAMA,2018203381582
0602049560,L20338 TL NEGRO,PIJAMA,2018203381583
0602049570,L20338 TXL NEGRO,PIJAMA,2018203381584
0602049580,L20338 TS GRIS,PIJAMA,2018203351381
0602049590,L20338 TM GRIS,PIJAMA,2018203351382
0602049600,L20338 TL GRIS,PIJAMA,2018203381383
0602049610,L20338 TXL GRIS,PIJAMA,2018203381384
0602049620,L20340 TS NEGRO,PIJAMA,2018203401581
0602049630,L20340 TM NEGRO,PIJAMA,2018203401582
0602049640,L20340 TL NEGRO,PIJAMA,2018203401583
0602049650,L20340 TXL NEGRO,PIJAMA,2018203401584
0602049660,L20340/E T5 NEGRO,PIJAMA,2018203401505
0602049670,L20340/E T6 NEGRO,PIJAMA,2018203401506
0602049680,L20341 TS UNICO,PIJAMA,20182034181
0602049690,L20341 TM UNICO,PIJAMA,20182034182
0602049700,L20341 TL UNICO,PIJAMA,20182034183
0602049710,L20341 TXL UNICO,PIJAMA,20182034184
0602049720,L20341/E T5 UNICO,PIJAMA,20182034105
0602049730,L20341/E T6 UNICO,PIJAMA,20182034106
0602049740,L20341/E/E T7 UNICO,PIJAMA,20182034107
0602049750,L20341/E/E T8 UNICO,PIJAMA,20182034108
0602049760,L20342 TS ROSA,PIJAMA,201820342181
0602049770,L20342 TM ROSA,PIJAMA,201820342182
0602049780,L20342 TL ROSA,PIJAMA,201820342183
0602049790,L20342 TXL ROSA,PIJAMA,201820342184
0602049800,L20342 TS CELESTE,PIJAMA,201820342281
0602049810,L20342 TM CELESTE,PIJAMA,201820342282
0602049820,L20342 TL CELESTE,PIJAMA,201820342283
0602049830,L20342 TXL CELESTE,PIJAMA,201820342284
0602049840,L20930 T4 GRIS,PIJAMA,2011209301304
0602049850,L20930 T6 GRIS,PIJAMA,2011209301306
0602049860,L20930 T8 GRIS,PIJAMA,2011209301308
0602049870,L20930 T4 HUESO,PIJAMA,2011209303904
0602049880,L20930 T6 HUESO,PIJAMA,2011209303906
0602049890,L20930 T8 HUESO,PIJAMA,2011209303908
0602049900,L20930/G T10 GRIS,PIJAMA,2011209301310
0602049910,L20930/G T12 GRIS,PIJAMA,2011209301312
0602049920,L20930/G T14 GRIS,PIJAMA,2011209301314
0602049930,L20930/G T16 GRIS,PIJAMA,2011209301316
0602049940,L20930/G T10 HUESO,PIJAMA,2011209303910
0602049950,L20930/G T12 HUESO,PIJAMA,2011209303912
0602049960,L20930/G T14 HUESO,PIJAMA,2011209303914
0602049970,L20930/G T16 HUESO,PIJAMA,2011209303916
0602049980,L20931 T4 UNICO,PIJAMA,20112093104
0602049990,L20931 T6 UNICO,PIJAMA,20112093106
0602050000,L20931 T8 UNICO,PIJAMA,20112093108
0602050010,L20931/G T10 UNICO,PIJAMA,20112093110
0602050020,L20931/G T12 UNICO,PIJAMA,20112093112
0602050030,L20931/G T14 UNICO,PIJAMA,20112093114
0602050040,L20931/G T16 UNICO,PIJAMA,20112093116
0602050050,L20932 T4 AZUL,PIJAMA,2011209321804
0602050060,L20932 T6 AZUL,PIJAMA,2011209321806
0602050070,L20932 T8 AZUL,PIJAMA,2011209321808
0602050080,L20932 T4 ROSA,PIJAMA,201120932104
0602050090,L20932 T6 ROSA,PIJAMA,201120932106
0602050100,L20932 T8 ROSA,PIJAMA,201120932108
0602050110,L20932/G T10 AZUL,PIJAMA,2011209321810
0602050120,L20932/G T12 AZUL,PIJAMA,2011209321812
0602050130,L20932/G T14 AZUL,PIJAMA,2011209321814
0602050140,L20932/G T16 AZUL,PIJAMA,2011209321816
0602050150,L20932/G T10 ROSA,PIJAMA,201120932110
0602050160,L20932/G T12 ROSA,PIJAMA,201120932112
0602050170,L20932/G T14 ROSA,PIJAMA,201120932114
0602050180,L20932/G T16 ROSA,PIJAMA,201120932116
0602050190,L20933 T4 GRIS,PIJAMA,2011209331304
0602050200,L20933 T6 GRIS,PIJAMA,2011209331306
0602050210,L20933 T8 GRIS,PIJAMA,2011209331308
0602050220,L20933 T4 ROSA,PIJAMA,201120933104
0602050230,L20933 T6 ROSA,PIJAMA,201120933106
0602050240,L20933 T8 ROSA,PIJAMA,201120933108
0602050250,L20933/G T10 GRIS,PIJAMA,2011209331310
0602050260,L20933/G T12 GRIS,PIJAMA,2011209331312
0602050270,L20933/G T14 GRIS,PIJAMA,2011209331314
0602050280,L20933/G T16 GRIS,PIJAMA,2011209331316
0602050290,L20933/G T10 ROSA,PIJAMA,201120933110
0602050300,L20933/G T12 ROSA,PIJAMA,201120933112
0602050310,L20933/G T14 ROSA,PIJAMA,201120933114
0602050320,L20933/G T16 ROSA,PIJAMA,201120933116
0602050330,L20934 T4 CELESTE,PIJAMA,201120934204
0602050340,L20934 T6 CELESTE,PIJAMA,201120934206
0602050350,L20934 T8 CELESTE,PIJAMA,201120934208
0602050360,L20934 T4 ROSA,PIJAMA,201120934104
0602050370,L20934 T6 ROSA,PIJAMA,201120934106
0602050380,L20934 T8 ROSA,PIJAMA,201120934108
0602050390,L20934/G T10 CELESTE,PIJAMA,201120934210
0602050400,L20934/G T12 CELESTE,PIJAMA,201120934212
0602050410,L20934/G T14 CELESTE,PIJAMA,201120934214
0602050420,L20934/G T16 CELESTE,PIJAMA,201120934216
0602050430,L20934/G T10 ROSA,PIJAMA,201120934110
0602050440,L20934/G T12 ROSA,PIJAMA,201120934112
0602050450,L20934/G T14 ROSA,PIJAMA,201120934114
0602050460,L20934/G T16 ROSA,PIJAMA,201120934116
0602050470,L20935 T4 GRIS,PIJAMA,2011209351304
0602050480,L20935 T6 GRIS,PIJAMA,2011209351306
0602050490,L20935 T8 GRIS,PIJAMA,2011209351308
0602050500,L20935 T4 ROSA,PIJAMA,201120935104
0602050510,L20935 T6 ROSA,PIJAMA,201120935106
0602050520,L20935 T8 ROSA,PIJAMA,201120935108
0602050530,L20935/G T10 GRIS,PIJAMA,2011209351310
0602050540,L20935/G T12 GRIS,PIJAMA,2011209351311
0602050550,L20935/G T14 GRIS,PIJAMA,2011209351314
0602050560,L20935/G T16 GRIS,PIJAMA,2011209351316
0602050570,L20935/G T10 ROSA,PIJAMA,201120935110
0602050580,L20935/G T12 ROSA,PIJAMA,201120935112
0602050590,L20935/G T14 ROSA,PIJAMA,201120935114
0602050600,L20935/G T16 ROSA,PIJAMA,201120935116
0602050610,L20950 T4 UNICO,PIJAMA,20112095004
0602050620,L20950 T6 UNICO,PIJAMA,20112095006
0602050630,L20950 T8 UNICO,PIJAMA,20112095008
0602050640,L20950/G T10 UNICO,PIJAMA,20112095010
0602050650,L20950/G T12 UNICO,PIJAMA,20112095012
0602050660,L20950/G T14 UNICO,PIJAMA,20112095014
0602050670,L20950/G T16 UNICO,PIJAMA,20112095016
0602050680,L20951 T4 GRIS,PIJAMA,2011209511304
0602050690,L20951 T6 GRIS,PIJAMA,2011209511306
0602050700,L20951 T8 GRIS,PIJAMA,2011209511308
0602050710,L20951 T4 AZUL,PIJAMA,2011209511804
0602050720,L20951 T6 AZUL,PIJAMA,2011209511806
0602050730,L20951 T8 AZUL,PIJAMA,2011209511808
0602050740,L20951/G T10 GRIS,PIJAMA,2011209511310
0602050750,L20951/G T12 GRIS,PIJAMA,2011209511312
0602050760,L20951/G T14 GRIS,PIJAMA,2011209511314
0602050770,L20951/G T16 GRIS,PIJAMA,2011209511316
0602050780,L20951/G T10 AZUL,PIJAMA,2011209511810
0602050790,L20951/G T12 AZUL,PIJAMA,2011209511812
0602050800,L20951/G T14 AZUL,PIJAMA,2011209511814
0602050810,L20951/G T16 AZUL,PIJAMA,2011209511816
0602050820,L20952 T4 AZUL,PIJAMA,2011209521804
0602050830,L20952 T6 AZUL,PIJAMA,2011209521806
0602050840,L20952 T8 AZUL,PIJAMA,2011209521808
0602050850,L20952 T10 AZUL,PIJAMA,2011209521810
0602050860,L20952 T12 AZUL,PIJAMA,2011209521812
0602050870,L20852 T4 GRIS,PIJAMA,2011209521304
0602050880,L20852 T6 GRIS,PIJAMA,2011209521306
0602050890,L20852 T8 GRIS,PIJAMA,2011209521308
0602050900,L20852 T10 GRIS,PIJAMA,2011209521310
0602050910,L20852 T12 GRIS,PIJAMA,2011209521312
0602051360,L20331 T5 GRIS,PIJAMA,2018203311305
0602051370,L20331 T5 GRIS TOPO,PIJAMA,2018203317105
0602051380,L20331 T6 GRIS,PIJAMA,2018203311306
0602051390,L20331 T6 GRIS TOPO,PIJAMA,2018203317106
0602051400,L20331 TS GRIS,PIJAMA,2018203311381
0602051410,L20331 TM GRIS,PIJAMA,2018203311382
0602051420,L20331 TL GRIS,PIJAMA,2018203311383
0602051430,L20331 TXL GRIS,PIJAMA,2018203311384
0602051440,L20331 TS  GRIS TOPO,PIJAMA,2018203317181
0602051450,L20331 TM GRIS TOPO,PIJAMA,2018203317182
0602051460,L20331 TL GRIS TOPO,PIJAMA,2018203317183
0602051470,L20331 TXL GRIS TOPO,PIJAMA,2018203317184
0602051480,L20334 TM UNICO,PIJAMA,20182033482
0602051490,L20334 TL UNICO,PIJAMA,20182033483
0602051500,L20334 TXL UNICO,PIJAMA,20182033484
0602051510,L20334 TS UNICO,PIJAMA,20182033481
0605000010,L9355 TL AZUL,ENTERITO,191893551883
0605000020,L9355 TL ROSA,ENTERITO,19189355183
0605000030,L9355 TM AZUL,ENTERITO,191893551882
0605000040,L9355 TM ROSA,ENTERITO,19189355182
0605000050,L9355 TS AZUL,ENTERITO,191893551881
0605000060,L9355 TS ROSA,ENTERITO,19189355181
0605000070,L9355 TXL AZUL,ENTERITO,191893551884
0605000080,L9355 TXL ROSA,ENTERITO,19189355184
0605000090,L20707 TL BATIK,ENTERITO,20182070783
0605000100,L20707 TM BATIK,ENTERITO,20182070782
0605000110,L20707 TS BATIK,ENTERITO,20182070781
0605000120,L20707 TXL BATIK,ENTERITO,20182070784
0605000130,L9757 TL AZUL Enterito,ENTERITO,191897571883
0605000150,L9757 TM AZUL Enterito,ENTERITO,191897571882
0605000170,L9757 TS AZUL Enterito,ENTERITO,191897571881
0605000190,L9757 TXL AZUL Enterito,ENTERITO,191897571884
0605000200,L20301 TS AZUL,ENTERITO,2018203011881
0605000210,L20301 TM AZUL,ENTERITO,2018203011882
0605000220,L20301 TL AZUL,ENTERITO,2018203011883
0605000230,L20301 TXL AZUL,ENTERITO,2018203011884
